{
    "DYJetsToLL_M-4to50_HT-100to200": 14442189.0,
    "DYJetsToLL_M-4to50_HT-200to400": 14305796.0,
    "DYJetsToLL_M-4to50_HT-400to600": 15537383.0,
    "DYJetsToLL_M-4to50_HT-600toInf": 14597795.0,
    "DYJetsToLL_M-4to50_HT-70to100": 15951497.0,
    "DYJetsToLL_M-50_HT-70to100": 17004433.0,
    "DYJetsToLL_M-50_HT-100to200": 26202328.0,
    "DYJetsToLL_M-50_HT-1200to2500": 6166852.0,
    "DYJetsToLL_M-50_HT-200to400": 18455718.0,
    "DYJetsToLL_M-50_HT-2500toInf": 1978203.0,
    "DYJetsToLL_M-50_HT-400to600": 8908406.0,
    "DYJetsToLL_M-50_HT-600to800": 7035971.0,
    "DYJetsToLL_M-50_HT-800to1200": 6678036.0,
    "QCD_HT1000to1500": 14527915.0,
    "QCD_HT100to200": 84461486.0,
    "QCD_HT1500to2000": 10871473.0,
    "QCD_HT2000toInf": 5374711.0,
    "QCD_HT200to300": 57336623.0,
    "QCD_HT300to500": 61705174.0,
    "QCD_HT500to700": 49184771.0,
    "QCD_HT50to100": 38599389.0,
    "QCD_HT700to1000": 48506751.0,
    "RadionTohhTohtatahbb_narrow_M-1000": 100000.0,
    "RadionTohhTohtatahbb_narrow_M-1200": 100000.0,
    "RadionTohhTohtatahbb_narrow_M-1400": 100000.0,
    "RadionTohhTohtatahbb_narrow_M-1600": 100000.0,
    "RadionTohhTohtatahbb_narrow_M-1800": 100000.0,
    "RadionTohhTohtatahbb_narrow_M-2000": 100000.0,
    "RadionTohhTohtatahbb_narrow_M-2500": 100000.0,
    "RadionTohhTohtatahbb_narrow_M-3000": 100000.0,
    "RadionTohhTohtatahbb_narrow_M-3500": 100000.0,
    "RadionTohhTohtatahbb_narrow_M-4000": 100000.0,
    "RadionTohhTohtatahbb_narrow_M-4500": 100000.0,
    "ST_s-channel_4f_leptonDecays": 68767082.31869166,
    "ST_t-channel_antitop_4f_InclusiveDecays": 6128118469.544285,
    "ST_t-channel_top_4f_InclusiveDecays": 19000619620.259975,
    "ST_tW_antitop_5f_inclusiveDecays": 251902163.20999968,
    "ST_tW_top_5f_inclusiveDecays": 258137398.5808002,
    "TTTo2L2Nu": 10528968068.886358,
    "TTTo2L2Nu_2": 10528968068.886358,
    "TTToHadronic": 107733691239.07983,
    "TTToSemiLeptonic": 143522112306.58383,
    "TTToSemiLeptonic_2": 143522112306.58383,
    "TTToSemiLeptonic_3": 143522112306.58383,
    "TTToSemiLeptonic_4": 143522112306.58383,
    "WJetsToLNu_HT-70To100": 66569448.0,
    "WJetsToLNu_HT-100To200": 51541593.0,
    "WJetsToLNu_HT-1200To2500": 12967787.0,
    "WJetsToLNu_HT-1200To2500_2": 12967787.0,
    "WJetsToLNu_HT-200To400": 58331446.0,
    "WJetsToLNu_HT-2500ToInf": 12222295.0,
    "WJetsToLNu_HT-2500ToInf_2": 12222295.0,
    "WJetsToLNu_HT-400To600": 9415474.0,
    "WJetsToLNu_HT-400To600_2": 9415474.0,
    "WJetsToLNu_HT-600To800": 13472940.0,
    "WJetsToLNu_HT-600To800_2": 13472940.0,
    "WJetsToLNu_HT-800To1200": 12725029.0,
    "WJetsToLNu_HT-800To1200_2": 12725029.0,
    "WWTo1L1Nu2Q_4f": 3393645436.4198327,
    "WZTo1L1Nu2Q_4f": 111635546.18117292,
    "WZTo1L3Nu_4f": 14066954.673564013,
    "WZTo2Q2L_mllmin4p0": 274146243.4568559,
    "ZZTo2Nu2Q_5f": 37590250.76414801,
    "ZZTo2Q2L_mllmin4p0": 161924457.8193989,
    "ZZTo4L": 130456583.68960005
}